Document3.docx,Document4.docx
part_1,part_1
part_2,part_3
part_3,part_5
part_4,filler
filler,filler
filler,filler
filler,filler
filler,filler
filler,filler
filler,filler
filler,filler
filler,filler
filler,filler
filler,filler
filler,filler
filler,filler
filler,filler
filler,filler
filler,filler
filler,filler
filler,filler
filler,filler
filler,filler
filler,filler
filler,filler
filler,filler
filler,filler
filler,filler
filler,filler
filler,filler
filler,filler
filler,filler
filler,filler
filler,filler
filler,filler
filler,filler
filler,filler
filler,filler
filler,filler
filler,filler
filler,filler
filler,filler
filler,filler
filler,filler
filler,filler
filler,filler
filler,filler
filler,filler
filler,filler
filler,filler
